Category,Message
spam,Congrats! You have been selected for a brand new iPhone. Claim now at bit.ly/clm992
spam,"You are today's lucky winner! Your free smartphone is waiting, tap the link to collect."
spam,Congratulations! Your number has been chosen for a special reward. Reply YES to proceed.
spam,You've won a mobile prize. Click to claim before it expires: winbig-24.com/claim
spam,Selected! You qualify for a new handset this week. Confirm your details to receive it.
spam,"Your mobile number was picked in today's draw. A new phone could be yours, act fast."
spam,Great news - you're our winner this month! Redeem your gadget prize within 48hrs.
spam,You have unlocked a reward. A top brand smartphone is reserved under your name.
spam,Winner announcement: your entry was drawn for a device upgrade. Verify to collect.
spam,Exciting update - you're eligible for a handset giveaway. Complete the form to claim.
spam,Attention: your ticket number matched our draw. A device prize is on hold for you.
spam,You've been shortlisted for our electronics giveaway. Respond within 24hrs to secure it.
spam,Reward alert: a flagship phone has your name on it. Follow the steps to collect.
spam,Lucky you! You're one of five selected today for a device upgrade. Claim your spot.
spam,Your entry ID has been drawn for our gadget promo. Reply CLAIM to continue.
spam,"Congratulations, participant! A tablet giveaway prize is reserved, confirm to receive."
spam,"We picked your number for a device reward this week. Details attached, act soon."
spam,You made the shortlist for our electronics reward program. Tap to see if you qualify.
spam,Special notice: you're eligible for a smartphone bonus. Confirm eligibility now.
spam,Your account was randomly selected for a device gift. Verify identity to unlock it.
spam,You have won Rs 25000 in the lucky draw. Send your bank details to claim the amount.
spam,Lottery result: ticket 88213 wins a cash reward. Contact our office within 3 days.
spam,Your name appeared in this week's cash draw. Reply with your account number to receive funds.
spam,"Congratulations, your lucky number matched the jackpot draw. Call 09xxx to process payment."
spam,"Cash bonus of 15,000 approved for your profile. Confirm your details to release funds."
spam,You are entitled to a cash prize from our annual draw. Provide your IFSC code to proceed.
spam,The lucky draw committee has selected your entry. A cash reward awaits verification.
spam,Draw results are out - your ticket qualifies for a payout. Reply with your UPI ID.
spam,Notice of winnings: your entry secured a cash prize. Processing fee required to release it.
spam,Your lucky draw ticket has been verified as a winner. Share account info for transfer.
spam,"This month's raffle winner is you. A cash reward is pending, confirm bank details."
spam,Draw update: your entry number won a payout. Send OTP to complete the transfer.
spam,You have an unclaimed cash prize from last year's draw. Contact us before it expires.
spam,Winning notification: your entry qualifies for a reward transfer. Verify to release funds.
spam,Good news - the annual lucky draw has selected you. Small processing charge applies to claim.
spam,"Grab your complimentary gift box today, only for the first 100 respondents."
spam,"Special offer just for you - 80% off everything, sale ends in 3 hours only."
spam,"Flash sale alert: exclusive discount unlocked for your account, expires at midnight."
spam,Your loyalty points qualify for a bonus gift. Redeem before the offer closes tonight.
spam,"Limited slots left for our members-only promotion, secure yours before it's gone."
spam,"This week only - massive markdown on top brands, tap to view the deal."
spam,Your exclusive voucher is ready. Use code SAVE70 before the countdown ends.
spam,Doorbuster deal expiring soon - claim your discount coupon in the next hour.
spam,"You qualify for a surprise gift with your next purchase, offer valid today only."
spam,"Members get an extra discount this weekend, click to activate your savings."
spam,"Final hours to grab our biggest sale of the season, don't miss out."
spam,"Your account has an unused coupon worth big savings, redeem before expiry."
spam,Exclusive early access deal just dropped for select customers like you.
spam,Today only - unlock a bonus gift card when you complete a short survey.
spam,"Your subscription tier unlocked a special reward, claim it before the timer runs out."
spam,Security alert: unusual login detected on your bank account. Verify immediately to avoid suspension.
spam,Your account has been temporarily locked due to suspicious activity. Confirm identity to restore access.
spam,We noticed a login attempt from a new device. Verify your account within 24 hours or it will be disabled.
spam,Your net banking access will be suspended today. Update your KYC details immediately to continue using the service.
spam,Alert: your card has been flagged for unusual transactions. Confirm your PIN to unlock it.
spam,Your account is under review due to policy violations. Submit verification within 12 hours to avoid closure.
spam,We detected irregular activity on your profile. Log in now to secure your account before it's locked.
spam,Your bank account requires urgent verification due to a compliance update. Click the secure link to proceed.
spam,This is a final notice - your account will be deactivated unless you confirm your details today.
spam,Unusual sign-in attempt blocked. Please verify it was you to prevent permanent account lock.
spam,Your debit card usage has been restricted pending verification. Update information to lift the hold.
spam,Important: your account access will expire tonight. Re-authenticate now to keep it active.
spam,We could not verify your recent transaction. Confirm the details or your account may be suspended.
spam,Your online banking session has flagged risk activity. Complete verification to avoid a freeze.
spam,Compliance notice: your account needs re-verification within 24 hours to remain operational.
spam,Your profile was flagged for review after a failed login. Confirm your credentials to reactivate.
spam,"A refund of 1,499 has been initiated to your account. Confirm your details to receive the amount."
spam,Your recent payment failed to process. Update your payment method to avoid service interruption.
spam,We attempted delivery of your parcel but no one was available. Reschedule using the link provided.
spam,Your package is on hold due to unpaid customs fee. Settle the small charge to release delivery.
spam,Refund notice: your cancelled order amount is ready for transfer. Verify your bank info to receive it.
spam,"Delivery update: your courier requires address confirmation, tap here to reschedule your slot."
spam,Payment could not be completed for your order. Re-enter your card details to finish the purchase.
spam,Your parcel is awaiting a small handling fee before dispatch. Pay now to avoid returning it to sender.
spam,We're processing a refund for your recent order. Confirm the account to which it should be sent.
spam,Your shipment has been delayed pending payment verification. Complete the step to proceed.
spam,"Courier notice: your package could not be delivered, reply with your correct address to retry."
spam,An overpayment on your last order is due for refund. Provide bank details to complete the process.
spam,"Your delivery is pending a customs clearance fee, settle it today to avoid the parcel being returned."
spam,"Order update: your payment is under review, confirm your card to avoid cancellation."
spam,We reviewed your profile and have a remote job opening with flexible hours and great pay.
spam,"Immediate hiring: earn from home doing simple data entry tasks, no experience required."
spam,Your resume matched our part-time opportunity. Reply with your details to schedule an interview.
spam,"Work from home and earn daily payouts, limited positions open this week only."
spam,"We're recruiting for a well-paying online role, send your basic details to get started today."
spam,"Job alert: a company is hiring freshers for online typing work, apply through this link."
spam,"Earn extra income weekly with our simple online task program, registration is free."
spam,"Congratulations, you've been shortlisted for a home-based job. Confirm your interest to proceed."
spam,"A recruiter has an urgent opening matching your profile, contact us to lock in the position."
spam,"Flexible online job available, get paid weekly, message us to receive the application form."
spam,Your subscription is expiring today. Renew now to avoid losing access to your account.
spam,Your premium membership payment failed. Update your billing details to continue service.
spam,"Reminder: your plan renews automatically tomorrow, update payment info if it has changed."
spam,"Your streaming subscription could not be verified, confirm your card to keep it active."
spam,Your membership benefits will be paused unless renewed within 24 hours.
spam,Auto-renewal failed for your account. Fix your payment method to avoid service loss.
spam,"Your yearly plan is due for renewal, complete payment today to avoid interruption."
spam,"Subscription notice: your trial has ended, add payment details to continue enjoying benefits."
spam,"Turn 5000 into 50000 in just one week with our proven trading strategy, message now to start."
spam,"Our crypto experts guarantee daily returns, join the group before spots fill up."
spam,"Invest today and double your money in 10 days, limited seats available for new investors."
spam,"Join thousands earning passive income through our trading platform, sign up gets a bonus."
spam,"Bitcoin opportunity: our algorithm has a 95% win rate, start with as little as 1000."
spam,"Financial freedom starts here, our investment plan pays returns every single day."
spam,"Exclusive trading signal group open now, members report huge profits weekly."
spam,Get guaranteed returns on your investment with our expert-managed crypto fund.
spam,"Early investors in our new token are seeing massive gains, don't miss this window."
spam,"Our forex mentorship program helped members earn six figures, limited enrollment open."
spam,Please share the OTP sent to your phone to complete your account verification.
spam,"For security purposes, confirm your PIN by replying to this message."
spam,"We need your card details to process the pending refund, reply with the information."
spam,Kindly verify your UPI PIN to authorize the transaction and avoid delay.
spam,Confirm your password by clicking the link so we can restore access to your account.
spam,Enter your CVV on the secure page to complete the verification process.
spam,Share your one-time password to finish updating your account security settings.
spam,"To release your pending payment, please confirm your account PIN via the form below."
spam,Immediate action required: your service will be cut off today unless you call us now.
spam,Urgent: respond within the hour or your request will be automatically cancelled.
spam,"This is your final reminder, call our helpline immediately to resolve the pending issue."
spam,Time sensitive notice - contact us right away to avoid additional charges on your account.
spam,Action needed today: please call 1800xxxxxx to confirm your recent order details.
spam,"Your case requires urgent attention, contact our support line before end of day."
spam,"Do not ignore this message, call the number below immediately to avoid penalty charges."
spam,Last chance to respond - reach out today or your application will be closed permanently.
spam,URGENT! Ur a/c has been suspended. Click bit.ly/acctfix2 2 reactivate now.
spam,FYI ur pkg is held. Pay small fee via link 2 release: shipnow.co/xk9
spam,Congrats! U r selcted 4 a gift. Reply YES 2 clm. T&C apply.
spam,Acct alert! Unusual txn detected. Verify @ secure-loginfix.com asap.
spam,"Hey, ur no. won a lucky draw! Call 07xxxxxxx 2 collect ur prize now."
spam,Msg: pymnt pending. Update details @ payfix-now.com b4 acc is locked.
spam,Ur subscrptn expires 2day. Renew @ mem-renew.net 2 avoid loss of access.
spam,Alert! Suspicious login on ur acc. Confirm identity here: verify-now.link
spam,U hv unclaimed cashback. Clm b4 it expires: cashback-clm.com/xx2
spam,Final notice: acc will b closed. Update info now @ acct-update.co
spam,"Hi, this is regarding your recent enquiry, please confirm your details to proceed with the process."
spam,"We noticed some activity on your profile that needs your attention, please review it today."
spam,"Your application has moved to the next stage, kindly complete the remaining verification."
spam,"There is an update on your recent request, please respond so we can finalize everything."
spam,"Our records show a pending item on your account, please get in touch to resolve it."
spam,"This message confirms your registration, kindly complete the final step to activate your profile."
spam,Please review the attached notice regarding your account and respond at your earliest convenience.
spam,"Your file has been flagged for a routine check, please provide the requested information."
spam,"We are reaching out about your recent transaction, kindly confirm a few details with us."
spam,"Your request is almost complete, we just need you to verify a couple of things first."
spam,"There has been an update to your service agreement, please review and acknowledge it."
spam,"Our team tried reaching you earlier, please call back to discuss your account status."
spam,A representative attempted to contact you regarding an important account matter.
spam,Please note that your recent submission requires an additional verification step.
spam,We would like to confirm a few details before proceeding further with your request.
spam,"Your case reference has been updated, please check and confirm at your convenience."
spam,"Dear customer, we are pleased to inform you that your mobile number has been selected in our nationwide promotional draw conducted in partnership with leading electronics brands. To claim your reward, kindly fill in the verification form sent to your registered address and complete the process within the next 48 hours, failing which the offer will be forfeited."
spam,"This is to notify you that our records indicate an outstanding refund linked to a cancelled transaction on your account. In order to process this refund promptly, we kindly request that you verify your banking information through the secure link provided, ensuring there is no delay in receiving your funds."
spam,"Congratulations on being shortlisted among a select group of participants in our annual customer appreciation program. As part of this initiative, you are entitled to receive a complimentary electronic device, subject to completion of a short verification process which can be done conveniently online."
spam,"We regret to inform you that unusual activity has been detected on your online banking profile, originating from a device not previously associated with your account. For your protection, access has been temporarily restricted, and we advise you to complete identity verification at the earliest to restore full functionality."
spam,"As a valued member of our rewards program, you have accumulated sufficient points to redeem an exclusive gift this month. Please note that unredeemed points expire at the end of the current cycle, so we encourage you to complete the redemption process without delay to make the most of this benefit."
spam,"Our delivery partner attempted to complete your shipment earlier today but was unable to do so due to an incomplete address on file. To avoid your parcel being returned to the origin warehouse, please update your delivery information through the link provided within the next 24 hours."
spam,"We are writing to inform you of a limited opportunity currently open to a small number of pre-approved applicants for a flexible remote work arrangement offering competitive weekly compensation. Interested individuals are requested to respond promptly, as the available positions are expected to fill quickly."
spam,"Big news - your entry has advanced to the final round of our giveaway, one more step to claim your prize."
spam,"A surprise reward has been credited to your rewards wallet, log in to see what you've earned."
spam,You're just one tap away from unlocking this month's top giveaway item.
spam,"Notification: a gift has been reserved under your registered mobile number, confirm to receive it."
spam,"Our system shows you're eligible for a bonus this cycle, complete the short form to claim it."
spam,"You've reached VIP status and unlocked an exclusive surprise, view your reward now."
spam,"A special token of appreciation is waiting in your account, redeem before it lapses."
spam,"Your recent activity has earned you a bonus reward, check your account to claim it today."
spam,"As a thank you for being a loyal customer, we've reserved a gift for you, click to view."
spam,"Our promotional partner has selected your account for a bonus item, confirm delivery address."
spam,Please re-confirm your net banking password as part of our scheduled security upgrade this week.
spam,"Your card ending in unknown digits was used for a large purchase, verify if this was you immediately."
spam,"We are updating our verification system, please log in through the link to keep your account active."
spam,"Your recent request to change account details requires additional confirmation, please respond promptly."
spam,"A new device was used to access your account today, confirm this was authorized to avoid a lock."
spam,"Your account statement shows a discrepancy, please verify your recent transactions at the link below."
spam,"We require updated documentation to keep your account compliant, submit it within three business days."
spam,"Your card has been temporarily paused for review, complete the quick verification to resume usage."
spam,"Your order could not be shipped due to an unpaid balance, settle it to release your item."
spam,"A small redelivery fee applies to your parcel, pay online to schedule the next attempt."
spam,"Your tracking shows a delivery exception, update your details to avoid the item being returned."
spam,Payment confirmation needed for your recent order before it can be processed for shipping.
spam,"We attempted to charge your card for the pending order but it was declined, please update it."
spam,"Your courier has flagged an address mismatch, confirm your correct location to proceed with delivery."
spam,A hiring manager has reviewed your profile and would like to discuss a part-time opportunity.
spam,"New openings available for online survey participants, earn per completed task, apply today."
spam,"Your trial period ends tomorrow, add a payment method now to continue without interruption."
spam,"We could not process your subscription payment, please update your card to avoid losing access."
spam,"This role offers flexible hours and weekly pay, reply with your availability to learn more."
spam,"Our members-only trading circle is opening a few new spots this week, message to reserve yours."
spam,"Act now - this investment window closes tonight, secure your spot before allocation runs out."
spam,"This is a time sensitive matter regarding your account, please respond within the next few hours."
spam,"We have been unable to reach you regarding an important update, please call us back today."
spam,"Heads up - your registered number is part of today's device giveaway shortlist, check eligibility now."
spam,"A brand-new tablet is up for grabs and your entry made the cut, confirm to move forward."
spam,"Our monthly winner announcement includes your number, complete the short verification to proceed."
spam,"You stood out in this cycle's random selection, a device reward is pending your confirmation."
spam,"The giveaway wheel landed on your entry this round, a few quick steps stand between you and your reward."
spam,"Update: your participation qualifies you for our electronics bonus round, respond to lock it in."
spam,"Your loyalty tier just unlocked access to our device rewards shelf, pick yours before slots run out."
spam,"This cycle's device allocation includes your account, verify your shipping info to receive it."
spam,"You're on the shortlist for our quarterly gadget reward, a short confirmation is all that's needed."
spam,"Notice: an upgrade unit has been set aside under your profile, confirm details to arrange delivery."
spam,"Your recent engagement earned you a spot in our reward rotation, tap through to see what you got."
spam,"This week's random selection favored your entry, an electronics bonus is now pending your review."
spam,Reminder: the device reserved under your number will be released to the pool if unclaimed by Friday.
spam,"You've cleared the eligibility check for our gadget bonus program, next step is quick verification."
spam,"Our system flagged your account for a reward review this cycle, log in to see the outcome."
spam,"Draw officials have confirmed your ticket among this quarter's payout recipients, reply to proceed."
spam,"Your entry cleared the final verification round for the cash payout, banking details are needed next."
spam,"This quarter's disbursement list includes your reference number, contact the office to arrange transfer."
spam,"A pending payout under your name was located in our records, respond to avoid it being reassigned."
spam,"The committee has approved a reward under your account reference, a small processing step remains."
spam,"Your ticket reference matched this round's payout registry, get in touch to complete the claim."
spam,"An unclaimed transfer linked to your details was found in our system, contact us before the deadline."
spam,"This cycle's reward registry lists your account for review, respond promptly to avoid forfeiture."
spam,"Payout processing for your reference is nearly complete, one confirmation step remains."
spam,"Our finance office is holding a disbursement under your name, please reach out to release it."
spam,Your cart qualifies for an added markdown if checkout is completed within the next hour.
spam,"A short-window promotion just opened for select members, browse before it closes tonight."
spam,Your account tier unlocked an extra percentage off this weekend's storewide event.
spam,"The seasonal clearance ends shortly, a private discount code has been added to your profile."
spam,Members with your activity level get first access to tonight's markdown event.
spam,Your saved items are part of a flash reduction happening for the next few hours only.
spam,"A once-a-quarter savings event just activated on your account, check it before it resets."
spam,Your browsing history qualifies you for a targeted discount ending at midnight.
spam,"An early-bird rate just opened for a short window, your account has access."
spam,"The clearance queue for your region opens briefly today, discounted stock is limited."
spam,"Routine account review flagged your profile, complete the short check to prevent restricted access."
spam,Our fraud monitoring system paused a transaction on your card pending your confirmation.
spam,"A verification step was missed during your last login, complete it to keep the account unrestricted."
spam,"Your account settings were changed recently, confirm this was you to avoid a temporary hold."
spam,The security team requires a quick check on your profile following an unusual access pattern.
spam,"Your card issuer flagged a transaction for review, confirm the activity to lift the hold."
spam,"An automated review paused activity on your account, a short verification will resolve it."
spam,"Your recent login pattern triggered our protection system, confirm details to continue as normal."
spam,The bank's compliance system requires an updated confirmation on file for your account.
spam,"A hold was placed on your account pending routine verification, resolve it to avoid delay."
spam,Your shipment is being held at the local facility pending a confirmation from you.
spam,"The courier could not complete today's drop-off, a rescheduling step is required on your end."
spam,"A minor discrepancy was found in your delivery address, please confirm the correct details."
spam,Your order's payment authorization needs a quick refresh before dispatch can continue.
spam,"The warehouse flagged your parcel for an address check, respond to keep it moving."
spam,"Your recent order is on hold due to an incomplete payment step, please finish it to proceed."
spam,A brief hold was placed on your shipment pending your confirmation of delivery instructions.
spam,"Your refund request is in progress, one more confirmation step is needed to complete it."
spam,"We're expanding our remote team and your profile matches an open role, reply to learn more."
spam,"A short online task program is accepting new participants this week, payouts are weekly."
spam,"Your billing cycle renews shortly, confirm your payment method to avoid a service pause."
spam,"The trial period linked to your account is ending, add billing details to continue uninterrupted."
spam,"Our advisory group is opening enrollment for a short window, message to reserve a seat."
spam,"A managed portfolio option just opened to new participants, early entrants often see the best terms."
spam,"Weekly earning opportunities are open for a limited group this cycle, respond to join."
spam,"Your subscription requires a quick billing update, complete it to avoid interruption to your plan."
spam,Please share the verification code you just received so we can complete the account update.
spam,Confirm the code sent to your phone to finish restoring access to your profile.
spam,"A short verification code was sent for your safety, reply with it to proceed."
spam,"We're unable to complete your request without the confirmation code, please provide it soon."
spam,"This matter needs your response today, please get back to us at your earliest convenience."
spam,Kindly confirm receipt of this notice so we can proceed with the next step on file.
spam,Please review the update to your account terms and confirm your acknowledgment.
spam,"A brief follow-up is required on your recent request, please respond when you get a chance."
spam,"There is an open item on your file awaiting your response, kindly attend to it soon."
spam,We tried to process your request but need one more confirmation from your side.
spam,Please verify a small detail on file so we can finalize the recent update to your account.
spam,"This note is a follow-up to our earlier message, please confirm at your convenience."
spam,Acc verifctn pending. Complete @ verify-secure.co 2 avoid hold on ur acc.
spam,"Ur pkg held at facility, confirm addr @ trackfix.co/re2 2 release it."
spam,"Bonus reward waiting in ur wallet, log in 2 clm b4 it expires 2nite."
spam,Reminder: subscrptn pymnt due. Update card @ billfix.net asap.
spam,"Ur no. shortlstd 4 a reward this wk, reply CLM 2 continue."
spam,Sec alert: new device login detctd. Confirm @ myacct-verify.com now.
spam,"Refund pending 4 ur order, confirm bank info @ refund-clm.co today."
spam,"Job alert! Wkly pay, flex hrs. Reply INFO 2 apply now."
spam,"Your entry code was matched during today's electronics allocation, confirm receipt to proceed."
spam,"A device credit has been added to your loyalty account, redeem it before the cycle resets."
spam,"You've cleared this round's reward screening, one quick step remains to unlock your item."
spam,"The gift rotation for your membership tier just refreshed, check what you're eligible for."
spam,"Your recent survey completion unlocked a bonus item, view your reward dashboard to claim it."
spam,"This period's allocation list includes your account for a device credit, confirm to receive it."
spam,"A reward slot opened up under your registered details, act before it's reassigned."
spam,"Your participation streak earned you a bonus this cycle, tap to see your reward."
spam,"The device pool for this round has a unit reserved under your account, confirm shipping info."
spam,"Your number came up in this cycle's allocation review, a short step remains to claim your item."
spam,"Congrats on clearing the screening round, your gadget reward is now pending dispatch confirmation."
spam,"This week's bonus rotation includes your profile, log in to view your unlocked reward."
spam,"The regional draw office has your reference on file for this quarter's payout, please respond."
spam,"Your ticket cleared the audit stage for the cash disbursement, one confirmation step remains."
spam,"A transfer linked to your entry number is pending release, contact the office to finalize it."
spam,"This round's payout registry has flagged your reference for review, respond to avoid delay."
spam,"Your entry has been cross-checked and approved for a cash reward, banking confirmation needed."
spam,"The finance desk is holding funds under your reference number, reach out before the cutoff."
spam,"Your account reference matched an unclaimed disbursement, contact support to process it."
spam,"A short promotional window just opened on items you've viewed recently, check it out."
spam,"Your account has an activated markdown for the next few hours, browse before it lapses."
spam,"The weekend event just went live for select accounts, yours has been included."
spam,"A private sale link has been generated for your profile, valid for a limited time."
spam,"Your recent activity unlocked an extra saving on your next order, redeem before it expires."
spam,"This region's clearance event opens briefly today, discounted listings are limited."
spam,"An exclusive rate just became available on your saved list, act before the window closes."
spam,A pending verification step on your account needs attention to avoid restricted functionality.
spam,"Our systems flagged a mismatch on your recent login, please confirm your details to proceed."
spam,Your recent password change request needs a final confirmation to take effect.
spam,The account protection team paused an action on your profile pending your response.
spam,"A device you haven't used before recently accessed your account, please confirm this was you."
spam,Your profile requires a quick re-verification following a routine compliance check.
spam,"An automatic hold was applied to your card after unusual activity, confirm to remove it."
spam,Your item is ready for dispatch pending one final confirmation from your side.
spam,"The delivery attempt for your order was unsuccessful, reschedule using the provided steps."
spam,A brief hold has been placed on your order pending address confirmation.
spam,Your payment method on file needs a quick update before your order can proceed.
spam,The logistics partner flagged your shipment for a follow-up confirmation.
spam,Your recent transaction requires an additional step before it can be finalized.
spam,"A part-time opening matching your background just became available, respond to learn more."
spam,"Your subscription plan has an upcoming charge, review your billing details beforehand."
spam,"New enrollment for our advisory service opens briefly this week, seats are limited."
spam,"Weekly task-based earning slots are open to a small group this cycle, message to join."
spam,"Your renewal is approaching, update your payment details to avoid any interruption."
spam,"An investment briefing session is opening to new participants, reply to reserve your spot."
spam,Kindly share the code you received so we can verify the recent change to your profile.
spam,"This requires your attention today, please respond so we can proceed without delay."
spam,A quick confirmation is needed on your end to keep your request moving forward.
spam,Please get back to us regarding the recent notice sent to your registered contact.
spam,We're following up on an earlier message that still requires your response.
spam,One more step is needed from you to complete the recent update on file.
spam,Please confirm receipt of this message so we can close out the pending item.
spam,"Ur acc flagged 4 review, confirm @ acctcheck.co 2 avoid restrictn."
spam,"Gift pending in ur name, clm @ giftnow.co b4 it lapses 2day."
spam,"Ord pymnt issue detctd, update card @ payupdate.net asap 2 avoid cancel."
spam,"Ur entry matched this wk's draw, respond CLM 2 recv ur reward."
spam,"Delivery held, confirm addr @ courierfix.co 2 reschedule drop-off."
spam,"Membership bonus unlckd, view @ rewardsnow.co b4 cycle resets."
spam,"Your device allocation reference is active this cycle, complete the last step to receive it."
spam,"The reward committee finalized this round's list and your entry is included, respond to claim."
spam,A gadget credit tied to your account will expire soon if not redeemed.
spam,"You're eligible for this cycle's electronics bonus, a short form completes the process."
spam,"Your name is on the confirmed list for this round's device giveaway, verify to proceed."
spam,"The prize pool release for your reference is scheduled, confirm banking details to receive funds."
spam,A payout hold under your ticket number needs your response to be released.
spam,"This quarter's cash disbursement list includes your reference, act before the window closes."
spam,"Your loyalty balance qualifies for redemption this week, a quick step unlocks it."
spam,An extra saving has been applied to your account for a short window today.
spam,Your cart items are part of a time-limited reduction ending this evening.
spam,"The seasonal offer on your wishlist activates for a few hours only, don't miss it."
spam,"A routine check flagged your login for confirmation, complete it to avoid restricted access."
spam,Your account's recent activity requires a short verification to remain fully active.
spam,The protection team placed a temporary hold pending your confirmation of a recent change.
spam,"Your card was used for an unusual purchase amount, confirm to release the hold."
spam,A delivery exception on your order needs your input to proceed with dispatch.
spam,Your parcel's next attempt depends on a quick confirmation from you today.
spam,"The courier flagged an incomplete step on your recent order, resolve it to continue."
spam,Your refund is queued pending one more confirmation from your account.
spam,"A flexible online role just opened matching your listed experience, reply to proceed."
spam,"Your plan's next billing cycle starts soon, review your payment method beforehand."
spam,"A short enrollment window for our mentorship program opens today, limited spots available."
spam,"Weekly payout opportunities are open to new members this cycle, message us to join."
spam,Please confirm the code shared with you so we can complete the pending update.
spam,"This item on file needs your attention today, please respond when convenient."
spam,A short confirmation from you will finalize the recent change to your account.
spam,Please acknowledge this notice so we can proceed with the next scheduled step.
spam,"Ur reward status updtd, check @ statusnow.co 2 see what u unlckd."
spam,"Pymnt hold on ur ordr, clear @ payclear.co 2 avoid cancellatn."
spam,"Acc chk needed, verify @ quickverify.net 2 keep full access."
spam,"New role open, wkly pay. Reply APPLY 4 more info now."
spam,"Ur parcel resched needed, confirm slot @ courierslot.co today."
spam,"Bonus cycle ending soon, clm ur reward @ rewardsend.co now."
spam,This is a courtesy reminder that your recent request is still pending a small follow-up step.
spam,"We wanted to check in regarding your account, a brief confirmation will wrap things up."
spam,Please note that your file has a pending item that requires a short response from you.
spam,"Our records show one outstanding step on your recent submission, please complete it soon."
spam,A quick note to confirm the recent update went through correctly on your end.
spam,This message is to follow up on the notice sent earlier regarding your account status.
spam,"Your registered number cleared this week's screening for a device reward, confirm to proceed."
spam,"A cash disbursement tied to your entry is pending release, respond to finalize the transfer."
spam,"This weekend's private markdown is live on your saved items, check before it ends."
spam,"Your recent login triggered a routine security check, confirm your identity to continue."
spam,The courier needs one more confirmation from you to complete today's delivery attempt.
spam,"A remote opportunity matching your profile just opened, reply to receive the application link."
spam,"Your plan renews shortly, confirm your payment details to avoid any service gap."
spam,"A short-term investment slot just opened to a limited group, message to reserve one."
spam,Please share the confirmation code so we can complete the verification on your account.
spam,This note follows up on an earlier request that still needs a brief response from you.
spam,"Ur cash reward ready, confirm bank info @ clmnow.co 2 recv transfer."
spam,"Ltd time deal on ur wishlist, chk it out b4 midnite @ dealnow.co."
spam,"Sec chk req'd on ur acc, verify @ secfix.net 2 avoid a hold."
spam,"Pkg resched needed, confirm slot 2day @ redeliver.co asap."
spam,"New job open, flex hrs + wkly pay. Reply INFO 2 learn more."
spam,"Your reward eligibility was just confirmed for this cycle, a short step completes the claim."
spam,"The disbursement office located an unclaimed transfer under your reference, respond to proceed."
spam,"An account review flagged one item for your confirmation, please attend to it soon."
spam,Your order's next step needs a quick payment confirmation to move forward.
spam,"A brief enrollment window opened for our reward circle, limited spots remain."
spam,"Congrats! You've won a free gift, tap here to claim."
spam,"You are selected! Your reward is ready, claim it now."
spam,Winner alert! Your free prize is waiting for you.
spam,"Great news, your number just won a cash bonus!"
spam,"You've been chosen for a free reward, claim today!"
spam,"Lucky day! Your prize is ready, click to redeem."
spam,"Congratulations, your entry won! Claim your gift now."
spam,You won! Redeem your free reward before it expires.
spam,"Selected winner! Your bonus is ready, tap to claim."
spam,"Your lucky number won a prize, claim it right away!"
spam,"You've won today's giveaway, tap here to collect!"
spam,Reward unlocked! Claim your free gift now.
spam,Congrats winner! Your cash prize is ready to collect.
spam,"You're our lucky pick today, claim your reward now!"
spam,"Free reward waiting, congrats on your win!"
spam,"You've won a surprise gift, claim it before it's gone!"
spam,Winner confirmed! Tap to claim your free reward.
spam,Congratulations! Redeem your prize before it expires.
spam,"You won big today, claim your reward now!"
spam,"Your entry won, claim your free prize today!"
spam,"Lucky pick alert, tap in to see what you've earned!"
spam,"Congrats, you've unlocked a free reward, claim it!"
spam,"You are today's winner, your prize awaits you!"
spam,"Prize claim ready, congrats on your win today!"
spam,"Bonus unlocked for you, tap now before it's gone!"
spam,Selected today! Claim your free prize now.
spam,Winner notice: your bonus reward is ready to claim.
spam,Congrats! Your number just scored a free reward.
spam,"You've been picked, claim your winner's reward now!"
spam,"Free prize alert, congrats you're today's winner!"
spam,"Reward claim open, congrats on winning today!"
spam,"You won a bonus gift, claim it before it expires!"
spam,"Great news, you've won, claim your free prize!"
spam,"You're a winner! Redeem your gift now, don't wait."
spam,Congrats champ! Your reward is ready to claim.
spam,"Winner today! Your free gift is waiting, claim it."
spam,You scored a prize! Tap here to claim your reward.
spam,"Congratulations, claim your winner reward right now!"
spam,"You won a free reward, click to redeem today!"
spam,"Selected as winner, claim your prize before it lapses!"
spam,Your number won! Redeem your free gift now.
spam,"Congrats, you've unlocked a winner's bonus, claim it!"
spam,"You're the lucky one today, claim your free reward!"
spam,"Winner status confirmed, claim your gift now!"
spam,"Congrats! Free reward unlocked, tap to claim today."
spam,"You won a giveaway prize, redeem it now!"
spam,"Lucky winner today, your reward is ready to claim."
spam,"Congratulations! Your free bonus is ready, claim now."
spam,"You've won, don't miss your reward, claim today!"
spam,"Winner pick of the day, your prize is ready!"
spam,"Congrats, redeem your winner's gift before it expires!"
spam,"You won a cash bonus, claim it right now!"
spam,"Selected winner today, your free gift is waiting!"
spam,Congrats! Claim your reward before the offer ends.
spam,"You're a lucky winner, your free prize awaits!"
spam,Winner today! Don't miss claiming your free gift.
spam,"Congratulations winner, your reward is ready now!"
spam,"You won today's draw, claim your free reward!"
spam,"Free gift unlocked, congrats you're a winner!"
spam,"You've won a reward, redeem before time runs out!"
spam,"Winner alert, congrats claim your free prize now!"
spam,"Congrats! You're selected, your reward awaits claim."
spam,"You won a surprise reward, tap to claim it now!"
spam,"Lucky pick today, congrats claim your free gift!"
spam,"Winner confirmed today, claim your reward fast!"
spam,"Congrats, your free prize is ready, don't delay!"
spam,You won! Claim your reward now before it expires.
spam,"Selected winner alert, your gift is ready to claim!"
spam,"Congrats champ, redeem your free reward today!"
spam,"You're today's lucky winner, claim your gift now!"
spam,"Winner notice, your bonus prize is ready to claim!"
spam,Congrats! Claim your free reward before it's gone.
spam,"You won a gift today, tap here to claim it!"
spam,"Reward alert, congrats you've won, claim now!"
spam,"Your account needs verification, tap here to continue."
spam,"Unusual activity detected, confirm your login now."
spam,"Payment declined, update your card details today."
spam,"Your parcel is on hold, confirm address to release it."
spam,Account alert: confirm your details within 24 hours.
spam,"Refund pending, verify your bank info to receive it."
spam,"Subscription renewal failed, update payment now."
spam,"Security check required, verify your identity today."
spam,"Your card was used for a purchase, confirm now."
spam,"Delivery attempt failed, reschedule using this link."
spam,Action needed: your account access is under review.
spam,Please verify the code sent to complete your request.
spam,"Your session expired, log in again to stay active."
spam,"Payment issue on your order, update details now."
spam,"Account hold placed, confirm identity to remove it."
spam,"Your subscription is due, update billing info today."
spam,Verify your PIN to authorize the pending transaction.
spam,"Your recent login needs confirmation, tap to verify."
spam,"Refund processing, confirm account to complete it."
spam,"Delivery held at facility, confirm to release parcel."
spam,"Your card flagged for review, confirm to unlock it."
spam,Please confirm your password to restore full access.
spam,"Account update required, complete verification today."
spam,Your payment method needs updating to avoid a pause.
spam,Urgent: confirm your details to keep account active.
spam,"Congrats! You've won a new iPhone, claim it today!"
spam,"Your number won a free smartphone, tap to claim!"
spam,"Free handset alert, congrats on your mobile win!"
spam,"You've unlocked a phone upgrade, claim it now!"
spam,Winner! Your new mobile phone is ready to claim.
spam,"Congrats, you scored a free iPhone, redeem now!"
spam,"Your entry won a smartphone reward, claim today!"
spam,"Mobile reward unlocked, congrats claim your phone!"
spam,"You won a handset giveaway, tap to claim it!"
spam,Congratulations! Free mobile upgrade ready to claim.
spam,"Selected for a new phone reward, claim it now!"
spam,"You're our iPhone giveaway winner, claim today!"
spam,"Free smartphone waiting, congrats you've won!"
spam,"Your mobile reward is ready, tap to claim now!"
spam,"Congrats winner, your handset prize awaits claim!"
spam,"You won a phone upgrade bonus, redeem it today!"
spam,"New iPhone reserved for you, claim before it expires!"
spam,"Mobile giveaway winner today, claim your free phone!"
